t_s,R_cm,dRdt_cm_per_s
0.00000000,2.00000000,-0.00007056
129.66483242,1.99070893,-0.00007267
259.32966483,1.98117711,-0.00007427
388.99449725,1.97147091,-0.00007536
518.65932966,1.96165671,-0.00007593
648.32416208,1.95180087,-0.00007600
777.98899450,1.94196976,-0.00007555
907.65382691,1.93222976,-0.00007459
1037.31865933,1.92264724,-0.00007312
1166.98349175,1.91328857,-0.00007114
1296.64832416,1.90422012,-0.00006865
1426.31315658,1.89550826,-0.00006564
1555.97798899,1.88721935,-0.00006212
1685.64282141,1.87941978,-0.00005809
1815.30765383,1.87217467,-0.00005372
1944.97248624,1.86541721,-0.00005058
2074.63731866,1.85903956,-0.00004786
2204.30215108,1.85298794,-0.00004555
2333.96698349,1.84720854,-0.00004366
2463.63181591,1.84164759,-0.00004218
2593.29664832,1.83625128,-0.00004112
2722.96148074,1.83096582,-0.00004047
2852.62631316,1.82573741,-0.00004024
2982.29114557,1.82051228,-0.00004042
3111.95597799,1.81523661,-0.00004102
3241.62081041,1.80985663,-0.00004203
3371.28564282,1.80431853,-0.00004346
3500.95047524,1.79856852,-0.00004530
3630.61530765,1.79255581,-0.00004736
3760.28014007,1.78632104,-0.00004877
3889.94497249,1.77991751,-0.00004996
4019.60980490,1.77337532,-0.00005091
4149.27463732,1.76672458,-0.00005163
4278.93946973,1.75999540,-0.00005212
4408.60430215,1.75321788,-0.00005238
4538.26913457,1.74642213,-0.00005240
4667.93396698,1.73963826,-0.00005220
4797.59879940,1.73289638,-0.00005176
4927.26363182,1.72622658,-0.00005108
5056.92846423,1.71965898,-0.00005018
5186.59329665,1.71322369,-0.00004904
5316.25812906,1.70695081,-0.00004767
5445.92296148,1.70084641,-0.00004712
5575.58779390,1.69466774,-0.00004812
5705.25262631,1.68838443,-0.00004873
5834.91745873,1.68204747,-0.00004895
5964.58229115,1.67570785,-0.00004877
6094.24712356,1.66941658,-0.00004820
6223.91195598,1.66322464,-0.00004724
6353.57678839,1.65718303,-0.00004588
6483.24162081,1.65134275,-0.00004413
6612.90645323,1.64575479,-0.00004199
6742.57128564,1.64047015,-0.00003946
6872.23611806,1.63553982,-0.00003653
7001.90095048,1.63101480,-0.00003320
7131.56578289,1.62694609,-0.00002949
7261.23061531,1.62335494,-0.00002637
7390.89544772,1.62006298,-0.00002444
7520.56028014,1.61700601,-0.00002275
7650.22511256,1.61415319,-0.00002129
7779.88994497,1.61147366,-0.00002008
7909.55477739,1.60893656,-0.00001910
8039.21960980,1.60651104,-0.00001836
8168.88444222,1.60416625,-0.00001785
8298.54927464,1.60187134,-0.00001759
8428.21410705,1.59959544,-0.00001756
8557.87893947,1.59730772,-0.00001777
8687.54377189,1.59497731,-0.00001822
8817.20860430,1.59257337,-0.00001890
8946.87343672,1.59006503,-0.00001983
9076.53826913,1.58745053,-0.00002022
9206.20310155,1.58483411,-0.00002015
9335.86793397,1.58222494,-0.00002011
9465.53276638,1.57961889,-0.00002010
9595.19759880,1.57701185,-0.00002012
9724.86243122,1.57439970,-0.00002018
9854.52726363,1.57177833,-0.00002026
9984.19209605,1.56914361,-0.00002038
10113.85692846,1.56649145,-0.00002053
10243.52176088,1.56381771,-0.00002071
10373.18659330,1.56111829,-0.00002093
10502.85142571,1.55838907,-0.00002117
10632.51625813,1.55562593,-0.00002145
10762.18109055,1.55282476,-0.00002176
10891.84592296,1.54996662,-0.00002241
11021.51075538,1.54701605,-0.00002308
11151.17558779,1.54398749,-0.00002361
11280.84042021,1.54089820,-0.00002401
11410.50525263,1.53776546,-0.00002428
11540.17008504,1.53460653,-0.00002442
11669.83491746,1.53143868,-0.00002442
11799.49974987,1.52827917,-0.00002429
11929.16458229,1.52514527,-0.00002403
12058.82941471,1.52205425,-0.00002363
12188.49424712,1.51902336,-0.00002310
12318.15907954,1.51606988,-0.00002243
12447.82391196,1.51321108,-0.00002164
12577.48874437,1.51046421,-0.00002071
12707.15357679,1.50782177,-0.00002013
12836.81840920,1.50524178,-0.00001967
12966.48324162,1.50271789,-0.00001926
13096.14807404,1.50024475,-0.00001889
13225.81290645,1.49781699,-0.00001856
13355.47773887,1.49542927,-0.00001827
13485.14257129,1.49307622,-0.00001803
13614.80740370,1.49075249,-0.00001782
13744.47223612,1.48845272,-0.00001766
13874.13706853,1.48617155,-0.00001753
14003.80190095,1.48390363,-0.00001745
14133.46673337,1.48164359,-0.00001741
14263.13156578,1.47938609,-0.00001741
14392.79639820,1.47712576,-0.00001746
14522.46123062,1.47485747,-0.00001752
14652.12606303,1.47258308,-0.00001755
14781.79089545,1.47030827,-0.00001753
14911.45572786,1.46803872,-0.00001747
15041.12056028,1.46578012,-0.00001736
15170.78539270,1.46353815,-0.00001721
15300.45022511,1.46131848,-0.00001702
15430.11505753,1.45912681,-0.00001678
15559.77988994,1.45696882,-0.00001650
15689.44472236,1.45485019,-0.00001617
15819.10955478,1.45277660,-0.00001580
15948.77438719,1.45075373,-0.00001539
16078.43921961,1.44878727,-0.00001493
16208.10405203,1.44688293,-0.00001443
16337.76888444,1.44505130,-0.00001384
16467.43371686,1.44329019,-0.00001334
16597.09854927,1.44158867,-0.00001292
16726.76338169,1.43993580,-0.00001259
16856.42821411,1.43832063,-0.00001234
16986.09304652,1.43673223,-0.00001217
17115.75787894,1.43515965,-0.00001210
17245.42271136,1.43359196,-0.00001210
17375.08754377,1.43201821,-0.00001219
17504.75237619,1.43042747,-0.00001236
17634.41720860,1.42880880,-0.00001262
17764.08204102,1.42715125,-0.00001296
17893.74687344,1.42544389,-0.00001339
18023.41170585,1.42367583,-0.00001389
18153.07653827,1.42184334,-0.00001436
18282.74137069,1.41995503,-0.00001475
18412.40620310,1.41802059,-0.00001507
18542.07103552,1.41604972,-0.00001532
18671.73586793,1.41405211,-0.00001548
18801.40070035,1.41203744,-0.00001558
18931.06553277,1.41001540,-0.00001560
19060.73036518,1.40799568,-0.00001554
19190.39519760,1.40598797,-0.00001541
19320.06003002,1.40400197,-0.00001521
19449.72486243,1.40204735,-0.00001493
19579.38969485,1.40013381,-0.00001457
19709.05452726,1.39827103,-0.00001415
19838.71935968,1.39646609,-0.00001378
19968.38419210,1.39468475,-0.00001369
20098.04902451,1.39291530,-0.00001359
20227.71385693,1.39115991,-0.00001348
20357.37868934,1.38942073,-0.00001334
20487.04352176,1.38769995,-0.00001319
20616.70835418,1.38599971,-0.00001303
20746.37318659,1.38432219,-0.00001284
20876.03801901,1.38266954,-0.00001264
21005.70285143,1.38104393,-0.00001243
21135.36768384,1.37944753,-0.00001219
21265.03251626,1.37788250,-0.00001194
21394.69734867,1.37635100,-0.00001168
21524.36218109,1.37485520,-0.00001139
21654.02701351,1.37339816,-0.00001106
21783.69184592,1.37198701,-0.00001071
21913.35667834,1.37061794,-0.00001041
22043.02151076,1.36928495,-0.00001016
22172.68634317,1.36798202,-0.00000995
22302.35117559,1.36670315,-0.00000979
22432.01600800,1.36544230,-0.00000967
22561.68084042,1.36419348,-0.00000960
22691.34567284,1.36295066,-0.00000958
22821.01050525,1.36170784,-0.00000960
22950.67533767,1.36045899,-0.00000967
23080.34017009,1.35919810,-0.00000979
23210.00500250,1.35791916,-0.00000995
23339.66983492,1.35661615,-0.00001016
23469.33466733,1.35528410,-0.00001038
23598.99949975,1.35392666,-0.00001055
23728.66433217,1.35254903,-0.00001069
23858.32916458,1.35115602,-0.00001079
23987.99399700,1.34975244,-0.00001085
24117.65882941,1.34834307,-0.00001088
24247.32366183,1.34693274,-0.00001087
24376.98849425,1.34552624,-0.00001082
24506.65332666,1.34412839,-0.00001073
24636.31815908,1.34274397,-0.00001061
24765.98299150,1.34137780,-0.00001045
24895.64782391,1.34003469,-0.00001026
25025.31265633,1.33871943,-0.00001002
25154.97748874,1.33743683,-0.00000975
25284.64232116,1.33618128,-0.00000969
25414.30715358,1.33492222,-0.00000972
25543.97198599,1.33366192,-0.00000971
25673.63681841,1.33240557,-0.00000966
25803.30165083,1.33115839,-0.00000957
25932.96648324,1.32992557,-0.00000944
26062.63131566,1.32871232,-0.00000927
26192.29614807,1.32752384,-0.00000906
26321.96098049,1.32636535,-0.00000881
26451.62581291,1.32524204,-0.00000851
26581.29064532,1.32415913,-0.00000818
26710.95547774,1.32312182,-0.00000781
26840.62031016,1.32213531,-0.00000740
26970.28514257,1.32120481,-0.00000695
27099.94997499,1.32033306,-0.00000651
27229.61480740,1.31951320,-0.00000614
27359.27963982,1.31873790,-0.00000583
27488.94447224,1.31799995,-0.00000557
27618.60930465,1.31729212,-0.00000536
27748.27413707,1.31660720,-0.00000521
27877.93896948,1.31593799,-0.00000512
28007.60380190,1.31527726,-0.00000508
28137.26863432,1.31461780,-0.00000510
28266.93346673,1.31395240,-0.00000517
28396.59829915,1.31327384,-0.00000530
28526.26313157,1.31257491,-0.00000549
28655.92796398,1.31184838,-0.00000573
28785.59279640,1.31108705,-0.00000602
28915.25762881,1.31028360,-0.00000636
29044.92246123,1.30943959,-0.00000665
29174.58729365,1.30856281,-0.00000687
29304.25212606,1.30766110,-0.00000703
29433.91695848,1.30674229,-0.00000713
29563.58179090,1.30581420,-0.00000717
29693.24662331,1.30488467,-0.00000715
29822.91145573,1.30396152,-0.00000707
29952.57628814,1.30305259,-0.00000693
30082.24112056,1.30216571,-0.00000673
30211.90595298,1.30130869,-0.00000647
30341.57078539,1.30048939,-0.00000615
30471.23561781,1.29971561,-0.00000577
30600.90045023,1.29899520,-0.00000533
30730.56528264,1.29832422,-0.00000503
30860.23011506,1.29769005,-0.00000476
30989.89494747,1.29708711,-0.00000454
31119.55977989,1.29650983,-0.00000437
31249.22461231,1.29595261,-0.00000423
31378.88944472,1.29540988,-0.00000414
31508.55427714,1.29487606,-0.00000410
31638.21910955,1.29434555,-0.00000409
31767.88394197,1.29381279,-0.00000413
31897.54877439,1.29327218,-0.00000421
32027.21360680,1.29271815,-0.00000434
32156.87843922,1.29214511,-0.00000451
32286.54327164,1.29154748,-0.00000472
32416.20810405,1.29091969,-0.00000497
32545.87293647,1.29025893,-0.00000521
32675.53776888,1.28956918,-0.00000542
32805.20260130,1.28885543,-0.00000558
32934.86743372,1.28812266,-0.00000571
33064.53226613,1.28737585,-0.00000580
33194.19709855,1.28662000,-0.00000585
33323.86193097,1.28586007,-0.00000586
33453.52676338,1.28510107,-0.00000584
33583.19159580,1.28434796,-0.00000577
33712.85642821,1.28360574,-0.00000567
33842.52126063,1.28287939,-0.00000553
33972.18609305,1.28217390,-0.00000535
34101.85092546,1.28149424,-0.00000513
34231.51575788,1.28084475,-0.00000491
34361.18059030,1.28021377,-0.00000482
34490.84542271,1.27959472,-0.00000473
34620.51025513,1.27898679,-0.00000465
34750.17508754,1.27838919,-0.00000457
34879.83991996,1.27780113,-0.00000450
35009.50475238,1.27722180,-0.00000444
35139.16958479,1.27665040,-0.00000438
35268.83441721,1.27608615,-0.00000433
35398.49924962,1.27552823,-0.00000428
35528.16408204,1.27497587,-0.00000424
35657.82891446,1.27442824,-0.00000421
35787.49374687,1.27388457,-0.00000418
35917.15857929,1.27334405,-0.00000416
36046.82341171,1.27280604,-0.00000414
36176.48824412,1.27227176,-0.00000410
36306.15307654,1.27174181,-0.00000407
36435.81790895,1.27121633,-0.00000403
36565.48274137,1.27069549,-0.00000400
36695.14757379,1.27017945,-0.00000396
36824.81240620,1.26966838,-0.00000392
36954.47723862,1.26916242,-0.00000388
37084.14207104,1.26866175,-0.00000384
37213.80690345,1.26816652,-0.00000380
37343.47173587,1.26767690,-0.00000375
37473.13656828,1.26719305,-0.00000371
37602.80140070,1.26671512,-0.00000366
37732.46623312,1.26624328,-0.00000362
37862.13106553,1.26577858,-0.00000354
37991.79589795,1.26532611,-0.00000344
38121.46073037,1.26488494,-0.00000336
38251.12556278,1.26445302,-0.00000330
38380.79039520,1.26402826,-0.00000325
38510.45522761,1.26360859,-0.00000322
38640.12006003,1.26319196,-0.00000321
38769.78489245,1.26277628,-0.00000321
38899.44972486,1.26235948,-0.00000322
39029.11455728,1.26193950,-0.00000326
39158.77938969,1.26151427,-0.00000331
39288.44422211,1.26108171,-0.00000337
39418.10905453,1.26063976,-0.00000345
39547.77388694,1.26018634,-0.00000355
39677.43871936,1.25971800,-0.00000369
39807.10355178,1.25922945,-0.00000384
39936.76838419,1.25872372,-0.00000396
40066.43321661,1.25820464,-0.00000404
40196.09804902,1.25767603,-0.00000410
40325.76288144,1.25714172,-0.00000413
40455.42771386,1.25660553,-0.00000413
40585.09254627,1.25607129,-0.00000410
40714.75737869,1.25554281,-0.00000404
40844.42221111,1.25502393,-0.00000395
40974.08704352,1.25451847,-0.00000384
41103.75187594,1.25403025,-0.00000369
41233.41670835,1.25356310,-0.00000351
41363.08154077,1.25312084,-0.00000330
41492.74637319,1.25270234,-0.00000318
41622.41120560,1.25229566,-0.00000310
41752.07603802,1.25189944,-0.00000302
41881.74087044,1.25151306,-0.00000294
42011.40570285,1.25113590,-0.00000287
42141.07053527,1.25076733,-0.00000281
42270.73536768,1.25040674,-0.00000275
42400.40020010,1.25005349,-0.00000270
42530.06503252,1.24970696,-0.00000265
42659.72986493,1.24936654,-0.00000260
42789.39469735,1.24903159,-0.00000256
42919.05952976,1.24870150,-0.00000253
43048.72436218,1.24837565,-0.00000250
43178.38919460,1.24805340,-0.00000247
43308.05402701,1.24773631,-0.00000241
43437.71885943,1.24742752,-0.00000235
43567.38369185,1.24712613,-0.00000230
43697.04852426,1.24683114,-0.00000225
43826.71335668,1.24654156,-0.00000222
43956.37818909,1.24625638,-0.00000218
44086.04302151,1.24597461,-0.00000216
44215.70785393,1.24569526,-0.00000215
44345.37268634,1.24541732,-0.00000214
44475.03751876,1.24513981,-0.00000214
44604.70235118,1.24486171,-0.00000215
44734.36718359,1.24458204,-0.00000217
44864.03201601,1.24429981,-0.00000219
44993.69684842,1.24401400,-0.00000222
45123.36168084,1.24372586,-0.00000222
45253.02651326,1.24343772,-0.00000222
45382.69134567,1.24314957,-0.00000222
45512.35617809,1.24286143,-0.00000222
45642.02101051,1.24257329,-0.00000222
45771.68584292,1.24228514,-0.00000222
45901.35067534,1.24199700,-0.00000222
46031.01550775,1.24170885,-0.00000222
46160.68034017,1.24142071,-0.00000222
46290.34517259,1.24113257,-0.00000222
46420.01000500,1.24084442,-0.00000222
46549.67483742,1.24055628,-0.00000222
46679.33966983,1.24026813,-0.00000222
46809.00450225,1.23997998,-0.00000223
46938.66933467,1.23968872,-0.00000227
47068.33416708,1.23939290,-0.00000230
47197.99899950,1.23909380,-0.00000232
47327.66383192,1.23879270,-0.00000233
47457.32866433,1.23849089,-0.00000233
47586.99349675,1.23818965,-0.00000232
47716.65832916,1.23789026,-0.00000230
47846.32316158,1.23759399,-0.00000227
47975.98799400,1.23730214,-0.00000223
48105.65282641,1.23701598,-0.00000218
48235.31765883,1.23673679,-0.00000212
48364.98249125,1.23646586,-0.00000205
48494.64732366,1.23620447,-0.00000198
48624.31215608,1.23595392,-0.00000189
48753.97698849,1.23571558,-0.00000179
48883.64182091,1.23548830,-0.00000172
49013.30665333,1.23527016,-0.00000165
49142.97148574,1.23505923,-0.00000160
49272.63631816,1.23485360,-0.00000157
49402.30115058,1.23465134,-0.00000155
49531.96598299,1.23445052,-0.00000155
49661.63081541,1.23424924,-0.00000156
49791.29564782,1.23404555,-0.00000159
49920.96048024,1.23383755,-0.00000163
50050.62531266,1.23362331,-0.00000168
50180.29014507,1.23340090,-0.00000175
50309.95497749,1.23316840,-0.00000184
50439.61980990,1.23292372,-0.00000195
50569.28464232,1.23266334,-0.00000207
50698.94947474,1.23238852,-0.00000217
50828.61430715,1.23210182,-0.00000225
50958.27913957,1.23180580,-0.00000231
51087.94397199,1.23150303,-0.00000235
51217.60880440,1.23119606,-0.00000238
51347.27363682,1.23088746,-0.00000238
51476.93846923,1.23057980,-0.00000236
51606.60330165,1.23027564,-0.00000233
51736.26813407,1.22997754,-0.00000227
51865.93296648,1.22968806,-0.00000219
51995.59779890,1.22940977,-0.00000210
52125.26263132,1.22914523,-0.00000198
52254.92746373,1.22889616,-0.00000188
52384.59229615,1.22865695,-0.00000181
52514.25712856,1.22842526,-0.00000176
52643.92196098,1.22820014,-0.00000171
52773.58679340,1.22798062,-0.00000167
52903.25162581,1.22776575,-0.00000164
53032.91645823,1.22755456,-0.00000162
53162.58129065,1.22734609,-0.00000160
53292.24612306,1.22713938,-0.00000159
53421.91095548,1.22693347,-0.00000159
53551.57578789,1.22672740,-0.00000159
53681.24062031,1.22652021,-0.00000160
53810.90545273,1.22631092,-0.00000162
53940.57028514,1.22609860,-0.00000165
54070.23511756,1.22588206,-0.00000169
54199.89994997,1.22566026,-0.00000173
54329.56478239,1.22543429,-0.00000176
54459.22961481,1.22520553,-0.00000177
54588.89444722,1.22497530,-0.00000178
54718.55927964,1.22474495,-0.00000177
54848.22411206,1.22451584,-0.00000176
54977.88894447,1.22428930,-0.00000173
55107.55377689,1.22406669,-0.00000170
55237.21860930,1.22384934,-0.00000165
55366.88344172,1.22363861,-0.00000160
55496.54827414,1.22343583,-0.00000153
55626.21310655,1.22324236,-0.00000145
55755.87793897,1.22305954,-0.00000137
55885.54277139,1.22288771,-0.00000129
56015.20760380,1.22272381,-0.00000124
56144.87243622,1.22256672,-0.00000119
56274.53726863,1.22241556,-0.00000115
56404.20210105,1.22226941,-0.00000111
56533.86693347,1.22212738,-0.00000108
56663.53176588,1.22198858,-0.00000106
56793.19659830,1.22185211,-0.00000105
56922.86143072,1.22171706,-0.00000104
57052.52626313,1.22158256,-0.00000104
57182.19109555,1.22144768,-0.00000104
57311.85592796,1.22131155,-0.00000106
57441.52076038,1.22117326,-0.00000108
57571.18559280,1.22103192,-0.00000110
57700.85042521,1.22088597,-0.00000115
57830.51525763,1.22073434,-0.00000119
57960.18009005,1.22057845,-0.00000121
58089.84492246,1.22041979,-0.00000123
58219.50975488,1.22025987,-0.00000123
58349.17458729,1.22010016,-0.00000123
58478.83941971,1.21994218,-0.00000121
58608.50425213,1.21978742,-0.00000118
58738.16908454,1.21963736,-0.00000114
58867.83391696,1.21949351,-0.00000108
58997.49874937,1.21935736,-0.00000102
59127.16358179,1.21923041,-0.00000094
59256.82841421,1.21911415,-0.00000085
59386.49324662,1.21901008,-0.00000075
59516.15807904,1.21891794,-0.00000067
59645.82291146,1.21883486,-0.00000061
59775.48774387,1.21875932,-0.00000056
59905.15257629,1.21868984,-0.00000052
60034.81740870,1.21862490,-0.00000049
60164.48224112,1.21856302,-0.00000047
60294.14707354,1.21850271,-0.00000046
60423.81190595,1.21844246,-0.00000047
60553.47673837,1.21838079,-0.00000048
60683.14157079,1.21831619,-0.00000051
60812.80640320,1.21824717,-0.00000055
60942.47123562,1.21817224,-0.00000060
61072.13606803,1.21808991,-0.00000067
61201.80090045,1.21799866,-0.00000074
61331.46573287,1.21789577,-0.00000084
61461.13056528,1.21778054,-0.00000093
61590.79539770,1.21765450,-0.00000101
61720.46023012,1.21751912,-0.00000108
61850.12506253,1.21737590,-0.00000113
61979.78989495,1.21722635,-0.00000117
62109.45472736,1.21707194,-0.00000121
62239.11955978,1.21691419,-0.00000123
62368.78439220,1.21675458,-0.00000123
62498.44922461,1.21659462,-0.00000123
62628.11405703,1.21643578,-0.00000122
62757.77888944,1.21627958,-0.00000119
62887.44372186,1.21612751,-0.00000115
63017.10855428,1.21598093,-0.00000112
63146.77338669,1.21583285,-0.00000116
63276.43821911,1.21567954,-0.00000120
63406.10305153,1.21552250,-0.00000122
63535.76788394,1.21536322,-0.00000123
63665.43271636,1.21520320,-0.00000123
63795.09754877,1.21504394,-0.00000122
63924.76238119,1.21488692,-0.00000120
64054.42721361,1.21473366,-0.00000116
64184.09204602,1.21458563,-0.00000112
64313.75687844,1.21444434,-0.00000106
64443.42171086,1.21431127,-0.00000099
64573.08654327,1.21418794,-0.00000091
64702.75137569,1.21407582,-0.00000082
64832.41620810,1.21397620,-0.00000073
64962.08104052,1.21388510,-0.00000068
65091.74587294,1.21379999,-0.00000064
65221.41070535,1.21372011,-0.00000060
65351.07553777,1.21364472,-0.00000057
65480.74037019,1.21357307,-0.00000054
65610.40520260,1.21350441,-0.00000052
65740.07003502,1.21343801,-0.00000051
65869.73486743,1.21337310,-0.00000050
65999.39969985,1.21330894,-0.00000049
66129.06453227,1.21324478,-0.00000050
66258.72936468,1.21317988,-0.00000051
66388.39419710,1.21311349,-0.00000052
66518.05902951,1.21304486,-0.00000054
66647.72386193,1.21297349,-0.00000056
66777.38869435,1.21290145,-0.00000056
66907.05352676,1.21282941,-0.00000056
67036.71835918,1.21275738,-0.00000056
67166.38319160,1.21268534,-0.00000056
67296.04802401,1.21261331,-0.00000056
67425.71285643,1.21254127,-0.00000056
67555.37768884,1.21246923,-0.00000056
67685.04252126,1.21239720,-0.00000056
67814.70735368,1.21232516,-0.00000056
67944.37218609,1.21225313,-0.00000056
68074.03701851,1.21218109,-0.00000056
68203.70185093,1.21210905,-0.00000056
68333.36668334,1.21203702,-0.00000056
68463.03151576,1.21196498,-0.00000056
68592.69634817,1.21189295,-0.00000056
68722.36118059,1.21182091,-0.00000056
68852.02601301,1.21174887,-0.00000056
68981.69084542,1.21167684,-0.00000056
69111.35567784,1.21160480,-0.00000056
69241.02051026,1.21153277,-0.00000056
69370.68534267,1.21146073,-0.00000056
69500.35017509,1.21138869,-0.00000056
69630.01500750,1.21131666,-0.00000056
69759.67983992,1.21124462,-0.00000056
69889.34467234,1.21117259,-0.00000056
70019.00950475,1.21110055,-0.00000056
70148.67433717,1.21102851,-0.00000056
70278.33916958,1.21095648,-0.00000056
70408.00400200,1.21088444,-0.00000056
70537.66883442,1.21081241,-0.00000056
70667.33366683,1.21074037,-0.00000056
70796.99849925,1.21066833,-0.00000056
70926.66333167,1.21059630,-0.00000056
71056.32816408,1.21052426,-0.00000056
71185.99299650,1.21045223,-0.00000056
71315.65782891,1.21038019,-0.00000056
71445.32266133,1.21030815,-0.00000056
71574.98749375,1.21023612,-0.00000056
71704.65232616,1.21016408,-0.00000056
71834.31715858,1.21009205,-0.00000056
71963.98199100,1.21002001,-0.00000056
72093.64682341,1.20994797,-0.00000056
72223.31165583,1.20987594,-0.00000056
72352.97648824,1.20980390,-0.00000056
72482.64132066,1.20973187,-0.00000056
72612.30615308,1.20965983,-0.00000056
72741.97098549,1.20958779,-0.00000056
72871.63581791,1.20951576,-0.00000056
73001.30065033,1.20944372,-0.00000056
73130.96548274,1.20937169,-0.00000056
73260.63031516,1.20929965,-0.00000056
73390.29514757,1.20922761,-0.00000056
73519.95997999,1.20915558,-0.00000056
73649.62481241,1.20908354,-0.00000056
73779.28964482,1.20901151,-0.00000056
73908.95447724,1.20893947,-0.00000056
74038.61930965,1.20886743,-0.00000056
74168.28414207,1.20879540,-0.00000056
74297.94897449,1.20872336,-0.00000056
74427.61380690,1.20865133,-0.00000056
74557.27863932,1.20857929,-0.00000056
74686.94347174,1.20850725,-0.00000056
74816.60830415,1.20843522,-0.00000056
74946.27313657,1.20836318,-0.00000056
75075.93796898,1.20829115,-0.00000056
75205.60280140,1.20821911,-0.00000056
75335.26763382,1.20814707,-0.00000056
75464.93246623,1.20807504,-0.00000056
75594.59729865,1.20800300,-0.00000056
75724.26213107,1.20793097,-0.00000056
75853.92696348,1.20785893,-0.00000056
75983.59179590,1.20778689,-0.00000056
76113.25662831,1.20771486,-0.00000056
76242.92146073,1.20764282,-0.00000056
76372.58629315,1.20757079,-0.00000056
76502.25112556,1.20749875,-0.00000056
76631.91595798,1.20742671,-0.00000056
76761.58079040,1.20735468,-0.00000056
76891.24562281,1.20728264,-0.00000056
77020.91045523,1.20721061,-0.00000056
77150.57528764,1.20713857,-0.00000056
77280.24012006,1.20706653,-0.00000056
77409.90495248,1.20699447,-0.00000056
77539.56978489,1.20691692,-0.00000063
77669.23461731,1.20683140,-0.00000068
77798.89944972,1.20674016,-0.00000072
77928.56428214,1.20664545,-0.00000074
78058.22911456,1.20654949,-0.00000074
78187.89394697,1.20645455,-0.00000072
78317.55877939,1.20636285,-0.00000069
78447.22361181,1.20627665,-0.00000064
78576.88844422,1.20619819,-0.00000057
78706.55327664,1.20612970,-0.00000048
78836.21810905,1.20607343,-0.00000038
78965.88294147,1.20603163,-0.00000026
79095.54777389,1.20600654,-0.00000012
79225.21260630,1.20600000,0.00000000
79354.87743872,1.20600000,0.00000000
79484.54227114,1.20600000,0.00000000
79614.20710355,1.20600000,0.00000000
79743.87193597,1.20600000,0.00000000
79873.53676838,1.20600000,0.00000000
80003.20160080,1.20600000,0.00000000
80132.86643322,1.20600000,0.00000000
80262.53126563,1.20600000,0.00000000
80392.19609805,1.20600000,0.00000000
80521.86093047,1.20600000,0.00000000
80651.52576288,1.20600000,0.00000000
80781.19059530,1.20600000,0.00000000
80910.85542771,1.20600000,0.00000000
81040.52026013,1.20599850,-0.00000007
81170.18509255,1.20597487,-0.00000029
81299.84992496,1.20592600,-0.00000046
81429.51475738,1.20585636,-0.00000061
81559.17958979,1.20577044,-0.00000071
81688.84442221,1.20567273,-0.00000079
81818.50925463,1.20556772,-0.00000083
81948.17408704,1.20545989,-0.00000083
82077.83891946,1.20535373,-0.00000080
82207.50375188,1.20525372,-0.00000074
82337.16858429,1.20516435,-0.00000064
82466.83341671,1.20509010,-0.00000050
82596.49824912,1.20503546,-0.00000033
82726.16308154,1.20500491,-0.00000013
82855.82791396,1.20500000,0.00000000
82985.49274637,1.20500000,0.00000000
83115.15757879,1.20500000,0.00000000
83244.82241121,1.20500000,0.00000000
83374.48724362,1.20500000,0.00000000
83504.15207604,1.20500000,0.00000000
83633.81690845,1.20500000,0.00000000
83763.48174087,1.20500000,0.00000000
83893.14657329,1.20500000,0.00000000
84022.81140570,1.20500000,0.00000000
84152.47623812,1.20500000,0.00000000
84282.14107054,1.20500000,0.00000000
84411.80590295,1.20500000,0.00000000
84541.47073537,1.20500000,0.00000000
84671.13556778,1.20499544,-0.00000013
84800.80040020,1.20496544,-0.00000033
84930.46523262,1.20491126,-0.00000050
85060.13006503,1.20483737,-0.00000063
85189.79489745,1.20474827,-0.00000073
85319.45972986,1.20464843,-0.00000080
85449.12456228,1.20454235,-0.00000083
85578.78939470,1.20443451,-0.00000083
85708.45422711,1.20432939,-0.00000079
85838.11905953,1.20423149,-0.00000072
85967.78389195,1.20414528,-0.00000061
86097.44872436,1.20407526,-0.00000047
86227.11355678,1.20402590,-0.00000029
86356.77838919,1.20400170,-0.00000008
86486.44322161,1.20400000,0.00000000
86616.10805403,1.20400000,0.00000000
86745.77288644,1.20400000,0.00000000
86875.43771886,1.20400000,0.00000000
87005.10255128,1.20400000,0.00000000
87134.76738369,1.20400000,0.00000000
87264.43221611,1.20400000,0.00000000
87394.09704852,1.20400000,0.00000000
87523.76188094,1.20400000,0.00000000
87653.42671336,1.20400000,0.00000000
87783.09154577,1.20400000,0.00000000
87912.75637819,1.20400000,0.00000000
88042.42121061,1.20400000,0.00000000
88172.08604302,1.20400000,0.00000000
88301.75087544,1.20399077,-0.00000018
88431.41570785,1.20395466,-0.00000037
88561.08054027,1.20389542,-0.00000053
88690.74537269,1.20381754,-0.00000066
88820.41020510,1.20372550,-0.00000075
88950.07503752,1.20362378,-0.00000081
89079.73986993,1.20351688,-0.00000083
89209.40470235,1.20340928,-0.00000082
89339.06953477,1.20330546,-0.00000077
89468.73436718,1.20320991,-0.00000069
89598.39919960,1.20312712,-0.00000058
89728.06403202,1.20306158,-0.00000043
89857.72886443,1.20301775,-0.00000024
89987.39369685,1.20300015,-0.00000002
90117.05852926,1.20300000,0.00000000
90246.72336168,1.20300000,0.00000000
90376.38819410,1.20300000,0.00000000
90506.05302651,1.20300000,0.00000000
90635.71785893,1.20300000,0.00000000
90765.38269135,1.20300000,0.00000000
90895.04752376,1.20300000,0.00000000
91024.71235618,1.20300000,0.00000000
91154.37718859,1.20300000,0.00000000
91284.04202101,1.20300000,0.00000000
91413.70685343,1.20300000,0.00000000
91543.37168584,1.20300000,0.00000000
91673.03651826,1.20300000,0.00000000
91802.70135068,1.20300000,0.00000000
91932.36618309,1.20300000,0.00000000
92062.03101551,1.20300000,0.00000000
92191.69584792,1.20300000,0.00000000
92321.36068034,1.20300000,0.00000000
92451.02551276,1.20300000,0.00000000
92580.69034517,1.20300000,0.00000000
92710.35517759,1.20300000,0.00000000
92840.02001000,1.20300000,0.00000000
92969.68484242,1.20300000,0.00000000
93099.34967484,1.20300000,0.00000000
93229.01450725,1.20300000,0.00000000
93358.67933967,1.20300000,0.00000000
93488.34417209,1.20300000,0.00000000
93618.00900450,1.20300000,0.00000000
93747.67383692,1.20300000,0.00000000
93877.33866933,1.20300000,0.00000000
94007.00350175,1.20300000,0.00000000
94136.66833417,1.20300000,0.00000000
94266.33316658,1.20300000,0.00000000
94395.99799900,1.20300000,0.00000000
94525.66283142,1.20300000,0.00000000
94655.32766383,1.20300000,0.00000000
94784.99249625,1.20300000,0.00000000
94914.65732866,1.20300000,0.00000000
95044.32216108,1.20300000,0.00000000
95173.98699350,1.20300000,0.00000000
95303.65182591,1.20300000,0.00000000
95433.31665833,1.20299898,-0.00000006
95562.98149075,1.20297689,-0.00000027
95692.64632316,1.20292930,-0.00000045
95822.31115558,1.20286069,-0.00000060
95951.97598799,1.20277556,-0.00000071
96081.64082041,1.20267840,-0.00000078
96211.30565283,1.20257367,-0.00000083
96340.97048524,1.20246588,-0.00000083
96470.63531766,1.20235951,-0.00000080
96600.30015008,1.20225904,-0.00000074
96729.96498249,1.20216895,-0.00000064
96859.62981491,1.20209375,-0.00000051
96989.29464732,1.20203790,-0.00000034
97118.95947974,1.20200590,-0.00000014
97248.62431216,1.20200000,0.00000000
97378.28914457,1.20200000,0.00000000
97507.95397699,1.20200000,0.00000000
97637.61880940,1.20200000,0.00000000
97767.28364182,1.20200000,0.00000000
97896.94847424,1.20200000,0.00000000
98026.61330665,1.20200000,0.00000000
98156.27813907,1.20200000,0.00000000
98285.94297149,1.20200000,0.00000000
98415.60780390,1.20200000,0.00000000
98545.27263632,1.20200000,0.00000000
98674.93746873,1.20200000,0.00000000
98804.60230115,1.20200000,0.00000000
98934.26713357,1.20200000,0.00000000
99063.93196598,1.20200000,0.00000000
99193.59679840,1.20200000,0.00000000
99323.26163082,1.20200000,0.00000000
99452.92646323,1.20200000,0.00000000
99582.59129565,1.20200000,0.00000000
99712.25612806,1.20200000,0.00000000
99841.92096048,1.20200000,0.00000000
99971.58579290,1.20200000,0.00000000
100101.25062531,1.20200000,0.00000000
100230.91545773,1.20200000,0.00000000
100360.58029015,1.20200000,0.00000000
100490.24512256,1.20200000,0.00000000
100619.90995498,1.20200000,0.00000000
100749.57478739,1.20200000,0.00000000
100879.23961981,1.20200000,0.00000000
101008.90445223,1.20200000,0.00000000
101138.56928464,1.20200000,0.00000000
101268.23411706,1.20200000,0.00000000
101397.89894947,1.20200000,0.00000000
101527.56378189,1.20200000,0.00000000
101657.22861431,1.20200000,0.00000000
101786.89344672,1.20200000,0.00000000
101916.55827914,1.20200000,0.00000000
102046.22311156,1.20200000,0.00000000
102175.88794397,1.20200000,0.00000000
102305.55277639,1.20200000,0.00000000
102435.21760880,1.20200000,0.00000000
102564.88244122,1.20200000,0.00000000
102694.54727364,1.20200000,0.00000000
102824.21210605,1.20200000,0.00000000
102953.87693847,1.20200000,0.00000000
103083.54177089,1.20200000,0.00000000
103213.20660330,1.20200000,0.00000000
103342.87143572,1.20200000,0.00000000
103472.53626813,1.20200000,0.00000000
103602.20110055,1.20200000,0.00000000
103731.86593297,1.20200000,0.00000000
103861.53076538,1.20200000,0.00000000
103991.19559780,1.20200000,0.00000000
104120.86043022,1.20200000,0.00000000
104250.52526263,1.20200000,0.00000000
104380.19009505,1.20200000,0.00000000
104509.85492746,1.20198928,-0.00000019
104639.51975988,1.20195159,-0.00000038
104769.18459230,1.20189105,-0.00000054
104898.84942471,1.20181215,-0.00000067
105028.51425713,1.20171938,-0.00000076
105158.17908954,1.20161721,-0.00000081
105287.84392196,1.20151013,-0.00000083
105417.50875438,1.20140263,-0.00000082
105547.17358679,1.20129920,-0.00000077
105676.83841921,1.20120432,-0.00000069
105806.50325163,1.20112248,-0.00000057
105936.16808404,1.20105815,-0.00000042
106065.83291646,1.20101584,-0.00000023
106195.49774887,1.20100002,-0.00000001
106325.16258129,1.20100000,0.00000000
106454.82741371,1.20100000,0.00000000
106584.49224612,1.20100000,0.00000000
106714.15707854,1.20100000,0.00000000
106843.82191096,1.20100000,0.00000000
106973.48674337,1.20100000,0.00000000
107103.15157579,1.20100000,0.00000000
107232.81640820,1.20100000,0.00000000
107362.48124062,1.20100000,0.00000000
107492.14607304,1.20100000,0.00000000
107621.81090545,1.20100000,0.00000000
107751.47573787,1.20100000,0.00000000
107881.14057029,1.20100000,0.00000000
108010.80540270,1.20100000,0.00000000
108140.47023512,1.20100000,0.00000000
108270.13506753,1.20100000,0.00000000
108399.79989995,1.20100000,0.00000000
108529.46473237,1.20100000,0.00000000
108659.12956478,1.20100000,0.00000000
108788.79439720,1.20100000,0.00000000
108918.45922961,1.20100000,0.00000000
109048.12406203,1.20100000,0.00000000
109177.78889445,1.20100000,0.00000000
109307.45372686,1.20100000,0.00000000
109437.11855928,1.20100000,0.00000000
109566.78339170,1.20100000,0.00000000
109696.44822411,1.20100000,0.00000000
109826.11305653,1.20100000,0.00000000
109955.77788894,1.20100000,0.00000000
110085.44272136,1.20100000,0.00000000
110215.10755378,1.20100000,0.00000000
110344.77238619,1.20100000,0.00000000
110474.43721861,1.20100000,0.00000000
110604.10205103,1.20100000,0.00000000
110733.76688344,1.20100000,0.00000000
110863.43171586,1.20100000,0.00000000
110993.09654827,1.20100000,0.00000000
111122.76138069,1.20100000,0.00000000
111252.42621311,1.20100000,0.00000000
111382.09104552,1.20100000,0.00000000
111511.75587794,1.20100000,0.00000000
111641.42071036,1.20100000,0.00000000
111771.08554277,1.20100000,0.00000000
111900.75037519,1.20100000,0.00000000
112030.41520760,1.20100000,0.00000000
112160.08004002,1.20100000,0.00000000
112289.74487244,1.20100000,0.00000000
112419.40970485,1.20100000,0.00000000
112549.07453727,1.20100000,0.00000000
112678.73936968,1.20100000,0.00000000
112808.40420210,1.20100000,0.00000000
112938.06903452,1.20100000,0.00000000
113067.73386693,1.20100000,0.00000000
113197.39869935,1.20100000,0.00000000
113327.06353177,1.20100000,0.00000000
113456.72836418,1.20100000,0.00000000
113586.39319660,1.20100000,0.00000000
113716.05802901,1.20100000,0.00000000
113845.72286143,1.20100000,0.00000000
113975.38769385,1.20100000,0.00000000
114105.05252626,1.20100000,0.00000000
114234.71735868,1.20100000,0.00000000
114364.38219110,1.20100000,0.00000000
114494.04702351,1.20100000,0.00000000
114623.71185593,1.20100000,0.00000000
114753.37668834,1.20100000,0.00000000
114883.04152076,1.20100000,0.00000000
115012.70635318,1.20100000,0.00000000
115142.37118559,1.20100000,0.00000000
115272.03601801,1.20100000,0.00000000
115401.70085043,1.20100000,0.00000000
115531.36568284,1.20100000,0.00000000
115661.03051526,1.20100000,0.00000000
115790.69534767,1.20100000,0.00000000
115920.36018009,1.20100000,0.00000000
116050.02501251,1.20100000,0.00000000
116179.68984492,1.20100000,0.00000000
116309.35467734,1.20100000,0.00000000
116439.01950975,1.20100000,0.00000000
116568.68434217,1.20100000,0.00000000
116698.34917459,1.20100000,0.00000000
116828.01400700,1.20100000,0.00000000
116957.67883942,1.20100000,0.00000000
117087.34367184,1.20100000,0.00000000
117217.00850425,1.20100000,0.00000000
117346.67333667,1.20100000,0.00000000
117476.33816908,1.20100000,0.00000000
117606.00300150,1.20100000,0.00000000
117735.66783392,1.20100000,0.00000000
117865.33266633,1.20100000,0.00000000
117994.99749875,1.20100000,0.00000000
118124.66233117,1.20100000,0.00000000
118254.32716358,1.20100000,0.00000000
118383.99199600,1.20100000,0.00000000
118513.65682841,1.20100000,0.00000000
118643.32166083,1.20100000,0.00000000
118772.98649325,1.20100000,0.00000000
118902.65132566,1.20100000,0.00000000
119032.31615808,1.20100000,0.00000000
119161.98099050,1.20100000,0.00000000
119291.64582291,1.20100000,0.00000000
119421.31065533,1.20100000,0.00000000
119550.97548774,1.20100000,0.00000000
119680.64032016,1.20100000,0.00000000
119810.30515258,1.20100000,0.00000000
119939.96998499,1.20100000,0.00000000
120069.63481741,1.20100000,0.00000000
120199.29964982,1.20100000,0.00000000
120328.96448224,1.20100000,0.00000000
120458.62931466,1.20100000,0.00000000
120588.29414707,1.20100000,0.00000000
120717.95897949,1.20100000,0.00000000
120847.62381191,1.20100000,0.00000000
120977.28864432,1.20100000,0.00000000
121106.95347674,1.20100000,0.00000000
121236.61830915,1.20100000,0.00000000
121366.28314157,1.20100000,0.00000000
121495.94797399,1.20100000,0.00000000
121625.61280640,1.20100000,0.00000000
121755.27763882,1.20100000,0.00000000
121884.94247124,1.20100000,0.00000000
122014.60730365,1.20100000,0.00000000
122144.27213607,1.20100000,0.00000000
122273.93696848,1.20100000,0.00000000
122403.60180090,1.20100000,0.00000000
122533.26663332,1.20100000,0.00000000
122662.93146573,1.20100000,0.00000000
122792.59629815,1.20100000,0.00000000
122922.26113057,1.20100000,0.00000000
123051.92596298,1.20100000,0.00000000
123181.59079540,1.20100000,0.00000000
123311.25562781,1.20100000,0.00000000
123440.92046023,1.20100000,0.00000000
123570.58529265,1.20100000,0.00000000
123700.25012506,1.20100000,0.00000000
123829.91495748,1.20100000,0.00000000
123959.57978989,1.20100000,0.00000000
124089.24462231,1.20100000,0.00000000
124218.90945473,1.20099967,-0.00000003
124348.57428714,1.20098069,-0.00000025
124478.23911956,1.20093570,-0.00000044
124607.90395198,1.20086921,-0.00000058
124737.56878439,1.20078570,-0.00000070
124867.23361681,1.20068965,-0.00000078
124996.89844922,1.20058554,-0.00000082
125126.56328164,1.20047787,-0.00000083
125256.22811406,1.20037112,-0.00000081
125385.89294647,1.20026977,-0.00000075
125515.55777889,1.20017831,-0.00000066
125645.22261131,1.20010123,-0.00000053
125774.88744372,1.20004301,-0.00000036
125904.55227614,1.20000814,-0.00000017
126034.21710855,1.20000000,0.00000000
126163.88194097,1.20000000,0.00000000
126293.54677339,1.20000000,0.00000000
126423.21160580,1.20000000,0.00000000
126552.87643822,1.20000000,0.00000000
126682.54127064,1.20000000,0.00000000
126812.20610305,1.20000000,0.00000000
126941.87093547,1.20000000,0.00000000
127071.53576788,1.20000000,0.00000000
127201.20060030,1.20000000,0.00000000
127330.86543272,1.20000000,0.00000000
127460.53026513,1.20000000,0.00000000
127590.19509755,1.20000000,0.00000000
127719.85992996,1.20000000,0.00000000
127849.52476238,1.20000000,0.00000000
127979.18959480,1.20000000,0.00000000
128108.85442721,1.20000000,0.00000000
128238.51925963,1.20000000,0.00000000
128368.18409205,1.20000000,0.00000000
128497.84892446,1.20000000,0.00000000
128627.51375688,1.20000000,0.00000000
128757.17858929,1.20000000,0.00000000
128886.84342171,1.20000000,0.00000000
129016.50825413,1.20000000,0.00000000
129146.17308654,1.20000000,0.00000000
129275.83791896,1.20000000,0.00000000
129405.50275138,1.20000000,0.00000000
129535.16758379,1.20000000,0.00000000
129664.83241621,1.20000000,0.00000000
129794.49724862,1.20000000,0.00000000
129924.16208104,1.20000000,0.00000000
130053.82691346,1.20000000,0.00000000
130183.49174587,1.20000000,0.00000000
130313.15657829,1.20000000,0.00000000
130442.82141071,1.20000000,0.00000000
130572.48624312,1.20000000,0.00000000
130702.15107554,1.20000000,0.00000000
130831.81590795,1.20000000,0.00000000
130961.48074037,1.20000000,0.00000000
131091.14557279,1.20000000,0.00000000
131220.81040520,1.20000000,0.00000000
131350.47523762,1.20000000,0.00000000
131480.14007004,1.20000000,0.00000000
131609.80490245,1.20000000,0.00000000
131739.46973487,1.20000000,0.00000000
131869.13456728,1.20000000,0.00000000
131998.79939970,1.20000000,0.00000000
132128.46423212,1.20000000,0.00000000
132258.12906453,1.20000000,0.00000000
132387.79389695,1.20000000,0.00000000
132517.45872936,1.20000000,0.00000000
132647.12356178,1.20000000,0.00000000
132776.78839420,1.20000000,0.00000000
132906.45322661,1.20000000,0.00000000
133036.11805903,1.20000000,0.00000000
133165.78289145,1.20000000,0.00000000
133295.44772386,1.20000000,0.00000000
133425.11255628,1.20000000,0.00000000
133554.77738869,1.20000000,0.00000000
133684.44222111,1.20000000,0.00000000
133814.10705353,1.20000000,0.00000000
133943.77188594,1.20000000,0.00000000
134073.43671836,1.20000000,0.00000000
134203.10155078,1.20000000,0.00000000
134332.76638319,1.20000000,0.00000000
134462.43121561,1.20000000,0.00000000
134592.09604802,1.20000000,0.00000000
134721.76088044,1.20000000,0.00000000
134851.42571286,1.20000000,0.00000000
134981.09054527,1.20000000,0.00000000
135110.75537769,1.20000000,0.00000000
135240.42021011,1.20000000,0.00000000
135370.08504252,1.20000000,0.00000000
135499.74987494,1.20000000,0.00000000
135629.41470735,1.20000000,0.00000000
135759.07953977,1.20000000,0.00000000
135888.74437219,1.20000000,0.00000000
136018.40920460,1.20000000,0.00000000
136148.07403702,1.20000000,0.00000000
136277.73886943,1.20000000,0.00000000
136407.40370185,1.20000000,0.00000000
136537.06853427,1.20000000,0.00000000
136666.73336668,1.20000000,0.00000000
136796.39819910,1.20000000,0.00000000
136926.06303152,1.20000000,0.00000000
137055.72786393,1.20000000,0.00000000
137185.39269635,1.20000000,0.00000000
137315.05752876,1.20000000,0.00000000
137444.72236118,1.20000000,0.00000000
137574.38719360,1.20000000,0.00000000
137704.05202601,1.20000000,0.00000000
137833.71685843,1.20000000,0.00000000
137963.38169085,1.20000000,0.00000000
138093.04652326,1.20000000,0.00000000
138222.71135568,1.20000000,0.00000000
138352.37618809,1.20000000,0.00000000
138482.04102051,1.20000000,0.00000000
138611.70585293,1.20000000,0.00000000
138741.37068534,1.20000000,0.00000000
138871.03551776,1.20000000,0.00000000
139000.70035018,1.20000000,0.00000000
139130.36518259,1.20000000,0.00000000
139260.03001501,1.20000000,0.00000000
139389.69484742,1.20000000,0.00000000
139519.35967984,1.20000000,0.00000000
139649.02451226,1.20000000,0.00000000
139778.68934467,1.20000000,0.00000000
139908.35417709,1.20000000,0.00000000
140038.01900950,1.20000000,0.00000000
140167.68384192,1.20000000,0.00000000
140297.34867434,1.20000000,0.00000000
140427.01350675,1.20000000,0.00000000
140556.67833917,1.20000000,0.00000000
140686.34317159,1.20000000,0.00000000
140816.00800400,1.20000000,0.00000000
140945.67283642,1.20000000,0.00000000
141075.33766883,1.20000000,0.00000000
141205.00250125,1.20000000,0.00000000
141334.66733367,1.20000000,0.00000000
141464.33216608,1.20000000,0.00000000
141593.99699850,1.20000000,0.00000000
141723.66183092,1.20000000,0.00000000
141853.32666333,1.20000000,0.00000000
141982.99149575,1.20000000,0.00000000
142112.65632816,1.20000000,0.00000000
142242.32116058,1.20000000,0.00000000
142371.98599300,1.20000000,0.00000000
142501.65082541,1.20000000,0.00000000
142631.31565783,1.20000000,0.00000000
142760.98049025,1.20000000,0.00000000
142890.64532266,1.20000000,0.00000000
143020.31015508,1.20000000,0.00000000
143149.97498749,1.20000000,0.00000000
143279.63981991,1.20000000,0.00000000
143409.30465233,1.20000000,0.00000000
143538.96948474,1.20000000,0.00000000
143668.63431716,1.20000000,0.00000000
143798.29914957,1.20000000,0.00000000
143927.96398199,1.20000000,0.00000000
144057.62881441,1.20000000,0.00000000
144187.29364682,1.20000000,0.00000000
144316.95847924,1.20000000,0.00000000
144446.62331166,1.20000000,0.00000000
144576.28814407,1.20000000,0.00000000
144705.95297649,1.20000000,0.00000000
144835.61780890,1.20000000,0.00000000
144965.28264132,1.20000000,0.00000000
145094.94747374,1.20000000,0.00000000
145224.61230615,1.20000000,0.00000000
145354.27713857,1.20000000,0.00000000
145483.94197099,1.20000000,0.00000000
145613.60680340,1.20000000,0.00000000
145743.27163582,1.20000000,0.00000000
145872.93646823,1.20000000,0.00000000
146002.60130065,1.20000000,0.00000000
146132.26613307,1.20000000,0.00000000
146261.93096548,1.20000000,0.00000000
146391.59579790,1.20000000,0.00000000
146521.26063032,1.20000000,0.00000000
146650.92546273,1.20000000,0.00000000
146780.59029515,1.20000000,0.00000000
146910.25512756,1.20000000,0.00000000
147039.91995998,1.20000000,0.00000000
147169.58479240,1.20000000,0.00000000
147299.24962481,1.20000000,0.00000000
147428.91445723,1.20000000,0.00000000
147558.57928964,1.20000000,0.00000000
147688.24412206,1.20000000,0.00000000
147817.90895448,1.20000000,0.00000000
147947.57378689,1.20000000,0.00000000
148077.23861931,1.20000000,0.00000000
148206.90345173,1.20000000,0.00000000
148336.56828414,1.20000000,0.00000000
148466.23311656,1.20000000,0.00000000
148595.89794897,1.20000000,0.00000000
148725.56278139,1.20000000,0.00000000
148855.22761381,1.20000000,0.00000000
148984.89244622,1.20000000,0.00000000
149114.55727864,1.20000000,0.00000000
149244.22211106,1.20000000,0.00000000
149373.88694347,1.20000000,0.00000000
149503.55177589,1.20000000,0.00000000
149633.21660830,1.20000000,0.00000000
149762.88144072,1.20000000,0.00000000
149892.54627314,1.20000000,0.00000000
150022.21110555,1.20000000,0.00000000
150151.87593797,1.20000000,0.00000000
150281.54077039,1.20000000,0.00000000
150411.20560280,1.20000000,0.00000000
150540.87043522,1.20000000,0.00000000
150670.53526763,1.20000000,0.00000000
150800.20010005,1.20000000,0.00000000
150929.86493247,1.20000000,0.00000000
151059.52976488,1.20000000,0.00000000
151189.19459730,1.20000000,0.00000000
151318.85942971,1.20000000,0.00000000
151448.52426213,1.20000000,0.00000000
151578.18909455,1.20000000,0.00000000
151707.85392696,1.20000000,0.00000000
151837.51875938,1.20000000,0.00000000
151967.18359180,1.20000000,0.00000000
152096.84842421,1.20000000,0.00000000
152226.51325663,1.20000000,0.00000000
152356.17808904,1.20000000,0.00000000
152485.84292146,1.20000000,0.00000000
152615.50775388,1.20000000,0.00000000
152745.17258629,1.20000000,0.00000000
152874.83741871,1.20000000,0.00000000
153004.50225113,1.20000000,0.00000000
153134.16708354,1.20000000,0.00000000
153263.83191596,1.20000000,0.00000000
153393.49674837,1.20000000,0.00000000
153523.16158079,1.20000000,0.00000000
153652.82641321,1.20000000,0.00000000
153782.49124562,1.20000000,0.00000000
153912.15607804,1.20000000,0.00000000
154041.82091046,1.20000000,0.00000000
154171.48574287,1.20000000,0.00000000
154301.15057529,1.20000000,0.00000000
154430.81540770,1.20000000,0.00000000
154560.48024012,1.20000000,0.00000000
154690.14507254,1.20000000,0.00000000
154819.80990495,1.20000000,0.00000000
154949.47473737,1.20000000,0.00000000
155079.13956978,1.20000000,0.00000000
155208.80440220,1.20000000,0.00000000
155338.46923462,1.20000000,0.00000000
155468.13406703,1.20000000,0.00000000
155597.79889945,1.20000000,0.00000000
155727.46373187,1.20000000,0.00000000
155857.12856428,1.20000000,0.00000000
155986.79339670,1.20000000,0.00000000
156116.45822911,1.20000000,0.00000000
156246.12306153,1.20000000,0.00000000
156375.78789395,1.20000000,0.00000000
156505.45272636,1.20000000,0.00000000
156635.11755878,1.20000000,0.00000000
156764.78239120,1.20000000,0.00000000
156894.44722361,1.20000000,0.00000000
157024.11205603,1.20000000,0.00000000
157153.77688844,1.20000000,0.00000000
157283.44172086,1.20000000,0.00000000
157413.10655328,1.20000000,0.00000000
157542.77138569,1.20000000,0.00000000
157672.43621811,1.20000000,0.00000000
157802.10105053,1.20000000,0.00000000
157931.76588294,1.20000000,0.00000000
158061.43071536,1.20000000,0.00000000
158191.09554777,1.20000000,0.00000000
158320.76038019,1.20000000,0.00000000
158450.42521261,1.20000000,0.00000000
158580.09004502,1.20000000,0.00000000
158709.75487744,1.20000000,0.00000000
158839.41970985,1.20000000,0.00000000
158969.08454227,1.20000000,0.00000000
159098.74937469,1.20000000,0.00000000
159228.41420710,1.20000000,0.00000000
159358.07903952,1.20000000,0.00000000
159487.74387194,1.20000000,0.00000000
159617.40870435,1.20000000,0.00000000
159747.07353677,1.20000000,0.00000000
159876.73836918,1.20000000,0.00000000
160006.40320160,1.20000000,0.00000000
160136.06803402,1.20000000,0.00000000
160265.73286643,1.20000000,0.00000000
160395.39769885,1.20000000,0.00000000
160525.06253127,1.20000000,0.00000000
160654.72736368,1.20000000,0.00000000
160784.39219610,1.20000000,0.00000000
160914.05702851,1.20000000,0.00000000
161043.72186093,1.20000000,0.00000000
161173.38669335,1.20000000,0.00000000
161303.05152576,1.20000000,0.00000000
161432.71635818,1.20000000,0.00000000
161562.38119060,1.20000000,0.00000000
161692.04602301,1.20000000,0.00000000
161821.71085543,1.20000000,0.00000000
161951.37568784,1.20000000,0.00000000
162081.04052026,1.20000000,0.00000000
162210.70535268,1.20000000,0.00000000
162340.37018509,1.20000000,0.00000000
162470.03501751,1.20000000,0.00000000
162599.69984992,1.20000000,0.00000000
162729.36468234,1.20000000,0.00000000
162859.02951476,1.20000000,0.00000000
162988.69434717,1.20000000,0.00000000
163118.35917959,1.20000000,0.00000000
163248.02401201,1.20000000,0.00000000
163377.68884442,1.20000000,0.00000000
163507.35367684,1.20000000,0.00000000
163637.01850925,1.20000000,0.00000000
163766.68334167,1.20000000,0.00000000
163896.34817409,1.20000000,0.00000000
164026.01300650,1.20000000,0.00000000
164155.67783892,1.20000000,0.00000000
164285.34267134,1.20000000,0.00000000
164415.00750375,1.20000000,0.00000000
164544.67233617,1.20000000,0.00000000
164674.33716858,1.20000000,0.00000000
164804.00200100,1.20000000,0.00000000
164933.66683342,1.20000000,0.00000000
165063.33166583,1.20000000,0.00000000
165192.99649825,1.20000000,0.00000000
165322.66133067,1.20000000,0.00000000
165452.32616308,1.20000000,0.00000000
165581.99099550,1.20000000,0.00000000
165711.65582791,1.20000000,0.00000000
165841.32066033,1.20000000,0.00000000
165970.98549275,1.20000000,0.00000000
166100.65032516,1.20000000,0.00000000
166230.31515758,1.20000000,0.00000000
166359.97998999,1.20000000,0.00000000
166489.64482241,1.20000000,0.00000000
166619.30965483,1.20000000,0.00000000
166748.97448724,1.20000000,0.00000000
166878.63931966,1.20000000,0.00000000
167008.30415208,1.20000000,0.00000000
167137.96898449,1.20000000,0.00000000
167267.63381691,1.20000000,0.00000000
167397.29864932,1.20000000,0.00000000
167526.96348174,1.20000000,0.00000000
167656.62831416,1.20000000,0.00000000
167786.29314657,1.20000000,0.00000000
167915.95797899,1.20000000,0.00000000
168045.62281141,1.20000000,0.00000000
168175.28764382,1.20000000,0.00000000
168304.95247624,1.20000000,0.00000000
168434.61730865,1.20000000,0.00000000
168564.28214107,1.20000000,0.00000000
168693.94697349,1.20000000,0.00000000
168823.61180590,1.20000000,0.00000000
168953.27663832,1.20000000,0.00000000
169082.94147074,1.20000000,0.00000000
169212.60630315,1.20000000,0.00000000
169342.27113557,1.20000000,0.00000000
169471.93596798,1.20000000,0.00000000
169601.60080040,1.20000000,0.00000000
169731.26563282,1.20000000,0.00000000
169860.93046523,1.20000000,0.00000000
169990.59529765,1.20000000,0.00000000
170120.26013007,1.20000000,0.00000000
170249.92496248,1.20000000,0.00000000
170379.58979490,1.20000000,0.00000000
170509.25462731,1.20000000,0.00000000
170638.91945973,1.20000000,0.00000000
170768.58429215,1.20000000,0.00000000
170898.24912456,1.20000000,0.00000000
171027.91395698,1.20000000,0.00000000
171157.57878939,1.20000000,0.00000000
171287.24362181,1.20000000,0.00000000
171416.90845423,1.20000000,0.00000000
171546.57328664,1.20000000,0.00000000
171676.23811906,1.20000000,0.00000000
171805.90295148,1.20000000,0.00000000
171935.56778389,1.20000000,0.00000000
172065.23261631,1.20000000,0.00000000
172194.89744872,1.20000000,0.00000000
172324.56228114,1.20000000,0.00000000
172454.22711356,1.20000000,0.00000000
172583.89194597,1.20000000,0.00000000
172713.55677839,1.20000000,0.00000000
172843.22161081,1.20000000,0.00000000
172972.88644322,1.20000000,0.00000000
173102.55127564,1.20000000,0.00000000
173232.21610805,1.20000000,0.00000000
173361.88094047,1.20000000,0.00000000
173491.54577289,1.20000000,0.00000000
173621.21060530,1.20000000,0.00000000
173750.87543772,1.20000000,0.00000000
173880.54027014,1.20000000,0.00000000
174010.20510255,1.20000000,0.00000000
174139.86993497,1.20000000,0.00000000
174269.53476738,1.20000000,0.00000000
174399.19959980,1.20000000,0.00000000
174528.86443222,1.20000000,0.00000000
174658.52926463,1.20000000,0.00000000
174788.19409705,1.20000000,0.00000000
174917.85892946,1.20000000,0.00000000
175047.52376188,1.20000000,0.00000000
175177.18859430,1.20000000,0.00000000
175306.85342671,1.20000000,0.00000000
175436.51825913,1.20000000,0.00000000
175566.18309155,1.20000000,0.00000000
175695.84792396,1.20000000,0.00000000
175825.51275638,1.20000000,0.00000000
175955.17758879,1.20000000,0.00000000
176084.84242121,1.20000000,0.00000000
176214.50725363,1.20000000,0.00000000
176344.17208604,1.20000000,0.00000000
176473.83691846,1.20000000,0.00000000
176603.50175088,1.20000000,0.00000000
176733.16658329,1.20000000,0.00000000
176862.83141571,1.20000000,0.00000000
176992.49624812,1.20000000,0.00000000
177122.16108054,1.20000000,0.00000000
177251.82591296,1.20000000,0.00000000
177381.49074537,1.20000000,0.00000000
177511.15557779,1.20000000,0.00000000
177640.82041021,1.20000000,0.00000000
177770.48524262,1.20000000,0.00000000
177900.15007504,1.20000000,0.00000000
178029.81490745,1.20000000,0.00000000
178159.47973987,1.20000000,0.00000000
178289.14457229,1.20000000,0.00000000
178418.80940470,1.20000000,0.00000000
178548.47423712,1.20000000,0.00000000
178678.13906953,1.20000000,0.00000000
178807.80390195,1.20000000,0.00000000
178937.46873437,1.20000000,0.00000000
179067.13356678,1.20000000,0.00000000
179196.79839920,1.20000000,0.00000000
179326.46323162,1.20000000,0.00000000
179456.12806403,1.20000000,0.00000000
179585.79289645,1.20000000,0.00000000
179715.45772886,1.20000000,0.00000000
179845.12256128,1.20000000,0.00000000
179974.78739370,1.20000000,0.00000000
180104.45222611,1.20000000,0.00000000
180234.11705853,1.20000000,0.00000000
180363.78189095,1.20000000,0.00000000
180493.44672336,1.20000000,0.00000000
180623.11155578,1.20000000,0.00000000
180752.77638819,1.20000000,0.00000000
180882.44122061,1.20000000,0.00000000
181012.10605303,1.20000000,0.00000000
181141.77088544,1.20000000,0.00000000
181271.43571786,1.20000000,0.00000000
181401.10055028,1.20000000,0.00000000
181530.76538269,1.20000000,0.00000000
181660.43021511,1.20000000,0.00000000
181790.09504752,1.20000000,0.00000000
181919.75987994,1.20000000,0.00000000
182049.42471236,1.20000000,0.00000000
182179.08954477,1.20000000,0.00000000
182308.75437719,1.20000000,0.00000000
182438.41920960,1.20000000,0.00000000
182568.08404202,1.20000000,0.00000000
182697.74887444,1.20000000,0.00000000
182827.41370685,1.20000000,0.00000000
182957.07853927,1.20000000,0.00000000
183086.74337169,1.20000000,0.00000000
183216.40820410,1.20000000,0.00000000
183346.07303652,1.20000000,0.00000000
183475.73786893,1.20000000,0.00000000
183605.40270135,1.20000000,0.00000000
183735.06753377,1.20000000,0.00000000
183864.73236618,1.20000000,0.00000000
183994.39719860,1.20000000,0.00000000
184124.06203102,1.20000000,0.00000000
184253.72686343,1.20000000,0.00000000
184383.39169585,1.20000000,0.00000000
184513.05652826,1.20000000,0.00000000
184642.72136068,1.20000000,0.00000000
184772.38619310,1.20000000,0.00000000
184902.05102551,1.20000000,0.00000000
185031.71585793,1.20000000,0.00000000
185161.38069035,1.20000000,0.00000000
185291.04552276,1.20000000,0.00000000
185420.71035518,1.20000000,0.00000000
185550.37518759,1.20000000,0.00000000
185680.04002001,1.20000000,0.00000000
185809.70485243,1.20000000,0.00000000
185939.36968484,1.20000000,0.00000000
186069.03451726,1.20000000,0.00000000
186198.69934967,1.20000000,0.00000000
186328.36418209,1.20000000,0.00000000
186458.02901451,1.20000000,0.00000000
186587.69384692,1.20000000,0.00000000
186717.35867934,1.20000000,0.00000000
186847.02351176,1.20000000,0.00000000
186976.68834417,1.20000000,0.00000000
187106.35317659,1.20000000,0.00000000
187236.01800900,1.20000000,0.00000000
187365.68284142,1.20000000,0.00000000
187495.34767384,1.20000000,0.00000000
187625.01250625,1.20000000,0.00000000
187754.67733867,1.20000000,0.00000000
187884.34217109,1.20000000,0.00000000
188014.00700350,1.20000000,0.00000000
188143.67183592,1.20000000,0.00000000
188273.33666833,1.20000000,0.00000000
188403.00150075,1.20000000,0.00000000
188532.66633317,1.20000000,0.00000000
188662.33116558,1.20000000,0.00000000
188791.99599800,1.20000000,0.00000000
188921.66083042,1.20000000,0.00000000
189051.32566283,1.20000000,0.00000000
189180.99049525,1.20000000,0.00000000
189310.65532766,1.20000000,0.00000000
189440.32016008,1.20000000,0.00000000
189569.98499250,1.20000000,0.00000000
189699.64982491,1.20000000,0.00000000
189829.31465733,1.20000000,0.00000000
189958.97948974,1.20000000,0.00000000
190088.64432216,1.20000000,0.00000000
190218.30915458,1.20000000,0.00000000
190347.97398699,1.20000000,0.00000000
190477.63881941,1.20000000,0.00000000
190607.30365183,1.20000000,0.00000000
190736.96848424,1.20000000,0.00000000
190866.63331666,1.20000000,0.00000000
190996.29814907,1.20000000,0.00000000
191125.96298149,1.20000000,0.00000000
191255.62781391,1.20000000,0.00000000
191385.29264632,1.20000000,0.00000000
191514.95747874,1.20000000,0.00000000
191644.62231116,1.20000000,0.00000000
191774.28714357,1.20000000,0.00000000
191903.95197599,1.20000000,0.00000000
192033.61680840,1.20000000,0.00000000
192163.28164082,1.20000000,0.00000000
192292.94647324,1.20000000,0.00000000
192422.61130565,1.20000000,0.00000000
192552.27613807,1.20000000,0.00000000
192681.94097049,1.20000000,0.00000000
192811.60580290,1.20000000,0.00000000
192941.27063532,1.20000000,0.00000000
193070.93546773,1.20000000,0.00000000
193200.60030015,1.20000000,0.00000000
193330.26513257,1.20000000,0.00000000
193459.92996498,1.20000000,0.00000000
193589.59479740,1.20000000,0.00000000
193719.25962981,1.20000000,0.00000000
193848.92446223,1.20000000,0.00000000
193978.58929465,1.20000000,0.00000000
194108.25412706,1.20000000,0.00000000
194237.91895948,1.20000000,0.00000000
194367.58379190,1.20000000,0.00000000
194497.24862431,1.20000000,0.00000000
194626.91345673,1.20000000,0.00000000
194756.57828914,1.20000000,0.00000000
194886.24312156,1.20000000,0.00000000
195015.90795398,1.20000000,0.00000000
195145.57278639,1.20000000,0.00000000
195275.23761881,1.20000000,0.00000000
195404.90245123,1.20000000,0.00000000
195534.56728364,1.20000000,0.00000000
195664.23211606,1.20000000,0.00000000
195793.89694847,1.20000000,0.00000000
195923.56178089,1.20000000,0.00000000
196053.22661331,1.20000000,0.00000000
196182.89144572,1.20000000,0.00000000
196312.55627814,1.20000000,0.00000000
196442.22111056,1.20000000,0.00000000
196571.88594297,1.20000000,0.00000000
196701.55077539,1.20000000,0.00000000
196831.21560780,1.20000000,0.00000000
196960.88044022,1.20000000,0.00000000
197090.54527264,1.20000000,0.00000000
197220.21010505,1.20000000,0.00000000
197349.87493747,1.20000000,0.00000000
197479.53976988,1.20000000,0.00000000
197609.20460230,1.20000000,0.00000000
197738.86943472,1.20000000,0.00000000
197868.53426713,1.20000000,0.00000000
197998.19909955,1.20000000,0.00000000
198127.86393197,1.20000000,0.00000000
198257.52876438,1.20000000,0.00000000
198387.19359680,1.20000000,0.00000000
198516.85842921,1.20000000,0.00000000
198646.52326163,1.20000000,0.00000000
198776.18809405,1.20000000,0.00000000
198905.85292646,1.20000000,0.00000000
199035.51775888,1.20000000,0.00000000
199165.18259130,1.20000000,0.00000000
199294.84742371,1.20000000,0.00000000
199424.51225613,1.20000000,0.00000000
199554.17708854,1.20000000,0.00000000
199683.84192096,1.20000000,0.00000000
199813.50675338,1.20000000,0.00000000
199943.17158579,1.20000000,0.00000000
200072.83641821,1.20000000,0.00000000
200202.50125063,1.20000000,0.00000000
200332.16608304,1.20000000,0.00000000
200461.83091546,1.20000000,0.00000000
200591.49574787,1.20000000,0.00000000
200721.16058029,1.20000000,0.00000000
200850.82541271,1.20000000,0.00000000
200980.49024512,1.20000000,0.00000000
201110.15507754,1.20000000,0.00000000
201239.81990995,1.20000000,0.00000000
201369.48474237,1.20000000,0.00000000
201499.14957479,1.20000000,0.00000000
201628.81440720,1.20000000,0.00000000
201758.47923962,1.20000000,0.00000000
201888.14407204,1.20000000,0.00000000
202017.80890445,1.20000000,0.00000000
202147.47373687,1.20000000,0.00000000
202277.13856928,1.20000000,0.00000000
202406.80340170,1.20000000,0.00000000
202536.46823412,1.20000000,0.00000000
202666.13306653,1.20000000,0.00000000
202795.79789895,1.20000000,0.00000000
202925.46273137,1.20000000,0.00000000
203055.12756378,1.20000000,0.00000000
203184.79239620,1.20000000,0.00000000
203314.45722861,1.20000000,0.00000000
203444.12206103,1.20000000,0.00000000
203573.78689345,1.20000000,0.00000000
203703.45172586,1.20000000,0.00000000
203833.11655828,1.20000000,0.00000000
203962.78139070,1.20000000,0.00000000
204092.44622311,1.20000000,0.00000000
204222.11105553,1.20000000,0.00000000
204351.77588794,1.20000000,0.00000000
204481.44072036,1.20000000,0.00000000
204611.10555278,1.20000000,0.00000000
204740.77038519,1.20000000,0.00000000
204870.43521761,1.20000000,0.00000000
205000.10005003,1.20000000,0.00000000
205129.76488244,1.20000000,0.00000000
205259.42971486,1.20000000,0.00000000
205389.09454727,1.20000000,0.00000000
205518.75937969,1.20000000,0.00000000
205648.42421211,1.20000000,0.00000000
205778.08904452,1.20000000,0.00000000
205907.75387694,1.20000000,0.00000000
206037.41870935,1.20000000,0.00000000
206167.08354177,1.20000000,0.00000000
206296.74837419,1.20000000,0.00000000
206426.41320660,1.20000000,0.00000000
206556.07803902,1.20000000,0.00000000
206685.74287144,1.20000000,0.00000000
206815.40770385,1.20000000,0.00000000
206945.07253627,1.20000000,0.00000000
207074.73736868,1.19999497,-0.00000013
207204.40220110,1.19996424,-0.00000034
207334.06703352,1.19990945,-0.00000050
207463.73186593,1.19983508,-0.00000064
207593.39669835,1.19974562,-0.00000074
207723.06153077,1.19964555,-0.00000080
207852.72636318,1.19953936,-0.00000083
207982.39119560,1.19943153,-0.00000083
208112.05602801,1.19932656,-0.00000079
208241.72086043,1.19922892,-0.00000071
208371.38569285,1.19914310,-0.00000060
208501.05052526,1.19907359,-0.00000046
208630.71535768,1.19902487,-0.00000028
208760.38019010,1.19900143,-0.00000007
208890.04502251,1.19900000,0.00000000
209019.70985493,1.19900000,0.00000000
209149.37468734,1.19900000,0.00000000
209279.03951976,1.19900000,0.00000000
209408.70435218,1.19900000,0.00000000
209538.36918459,1.19900000,0.00000000
209668.03401701,1.19900000,0.00000000
209797.69884942,1.19900000,0.00000000
209927.36368184,1.19900000,0.00000000
210057.02851426,1.19900000,0.00000000
210186.69334667,1.19900000,0.00000000
210316.35817909,1.19900000,0.00000000
210446.02301151,1.19900000,0.00000000
210575.68784392,1.19900000,0.00000000
210705.35267634,1.19900000,0.00000000
210835.01750875,1.19900000,0.00000000
210964.68234117,1.19900000,0.00000000
211094.34717359,1.19900000,0.00000000
211224.01200600,1.19900000,0.00000000
211353.67683842,1.19900000,0.00000000
211483.34167084,1.19900000,0.00000000
211613.00650325,1.19900000,0.00000000
211742.67133567,1.19900000,0.00000000
211872.33616808,1.19900000,0.00000000
212002.00100050,1.19900000,0.00000000
212131.66583292,1.19900000,0.00000000
212261.33066533,1.19900000,0.00000000
212390.99549775,1.19900000,0.00000000
212520.66033017,1.19900000,0.00000000
212650.32516258,1.19900000,0.00000000
212779.98999500,1.19900000,0.00000000
212909.65482741,1.19900000,0.00000000
213039.31965983,1.19900000,0.00000000
213168.98449225,1.19900000,0.00000000
213298.64932466,1.19900000,0.00000000
213428.31415708,1.19900000,0.00000000
213557.97898949,1.19900000,0.00000000
213687.64382191,1.19900000,0.00000000
213817.30865433,1.19900000,0.00000000
213946.97348674,1.19900000,0.00000000
214076.63831916,1.19900000,0.00000000
214206.30315158,1.19900000,0.00000000
214335.96798399,1.19900000,0.00000000
214465.63281641,1.19900000,0.00000000
214595.29764882,1.19900000,0.00000000
214724.96248124,1.19900000,0.00000000
214854.62731366,1.19900000,0.00000000
214984.29214607,1.19900000,0.00000000
215113.95697849,1.19900000,0.00000000
215243.62181091,1.19900000,0.00000000
215373.28664332,1.19900000,0.00000000
215502.95147574,1.19900000,0.00000000
215632.61630815,1.19900000,0.00000000
215762.28114057,1.19900000,0.00000000
215891.94597299,1.19900000,0.00000000
216021.61080540,1.19900000,0.00000000
216151.27563782,1.19900000,0.00000000
216280.94047024,1.19900000,0.00000000
216410.60530265,1.19900000,0.00000000
216540.27013507,1.19900000,0.00000000
216669.93496748,1.19900000,0.00000000
216799.59979990,1.19900000,0.00000000
216929.26463232,1.19900000,0.00000000
217058.92946473,1.19900000,0.00000000
217188.59429715,1.19900000,0.00000000
217318.25912956,1.19900000,0.00000000
217447.92396198,1.19900000,0.00000000
217577.58879440,1.19900000,0.00000000
217707.25362681,1.19900000,0.00000000
217836.91845923,1.19900000,0.00000000
217966.58329165,1.19900000,0.00000000
218096.24812406,1.19900000,0.00000000
218225.91295648,1.19900000,0.00000000
218355.57778889,1.19900000,0.00000000
218485.24262131,1.19900000,0.00000000
218614.90745373,1.19900000,0.00000000
218744.57228614,1.19900000,0.00000000
218874.23711856,1.19900000,0.00000000
219003.90195098,1.19900000,0.00000000
219133.56678339,1.19900000,0.00000000
219263.23161581,1.19900000,0.00000000
219392.89644822,1.19900000,0.00000000
219522.56128064,1.19900000,0.00000000
219652.22611306,1.19900000,0.00000000
219781.89094547,1.19900000,0.00000000
219911.55577789,1.19900000,0.00000000
220041.22061031,1.19900000,0.00000000
220170.88544272,1.19900000,0.00000000
220300.55027514,1.19900000,0.00000000
220430.21510755,1.19900000,0.00000000
220559.87993997,1.19900000,0.00000000
220689.54477239,1.19900000,0.00000000
220819.20960480,1.19900000,0.00000000
220948.87443722,1.19900000,0.00000000
221078.53926963,1.19900000,0.00000000
221208.20410205,1.19900000,0.00000000
221337.86893447,1.19900000,0.00000000
221467.53376688,1.19900000,0.00000000
221597.19859930,1.19900000,0.00000000
221726.86343172,1.19900000,0.00000000
221856.52826413,1.19900000,0.00000000
221986.19309655,1.19900000,0.00000000
222115.85792896,1.19900000,0.00000000
222245.52276138,1.19900000,0.00000000
222375.18759380,1.19900000,0.00000000
222504.85242621,1.19900000,0.00000000
222634.51725863,1.19900000,0.00000000
222764.18209105,1.19900000,0.00000000
222893.84692346,1.19900000,0.00000000
223023.51175588,1.19900000,0.00000000
223153.17658829,1.19900000,0.00000000
223282.84142071,1.19900000,0.00000000
223412.50625313,1.19900000,0.00000000
223542.17108554,1.19900000,0.00000000
223671.83591796,1.19900000,0.00000000
223801.50075038,1.19900000,0.00000000
223931.16558279,1.19900000,0.00000000
224060.83041521,1.19900000,0.00000000
224190.49524762,1.19900000,0.00000000
224320.16008004,1.19900000,0.00000000
224449.82491246,1.19900000,0.00000000
224579.48974487,1.19900000,0.00000000
224709.15457729,1.19900000,0.00000000
224838.81940970,1.19900000,0.00000000
224968.48424212,1.19900000,0.00000000
225098.14907454,1.19900000,0.00000000
225227.81390695,1.19900000,0.00000000
225357.47873937,1.19900000,0.00000000
225487.14357179,1.19900000,0.00000000
225616.80840420,1.19900000,0.00000000
225746.47323662,1.19900000,0.00000000
225876.13806903,1.19900000,0.00000000
226005.80290145,1.19900000,0.00000000
226135.46773387,1.19900000,0.00000000
226265.13256628,1.19900000,0.00000000
226394.79739870,1.19900000,0.00000000
226524.46223112,1.19900000,0.00000000
226654.12706353,1.19900000,0.00000000
226783.79189595,1.19900000,0.00000000
226913.45672836,1.19900000,0.00000000
227043.12156078,1.19900000,0.00000000
227172.78639320,1.19900000,0.00000000
227302.45122561,1.19900000,0.00000000
227432.11605803,1.19900000,0.00000000
227561.78089045,1.19900000,0.00000000
227691.44572286,1.19900000,0.00000000
227821.11055528,1.19900000,0.00000000
227950.77538769,1.19900000,0.00000000
228080.44022011,1.19900000,0.00000000
228210.10505253,1.19900000,0.00000000
228339.76988494,1.19900000,0.00000000
228469.43471736,1.19900000,0.00000000
228599.09954977,1.19900000,0.00000000
228728.76438219,1.19900000,0.00000000
228858.42921461,1.19900000,0.00000000
228988.09404702,1.19900000,0.00000000
229117.75887944,1.19900000,0.00000000
229247.42371186,1.19900000,0.00000000
229377.08854427,1.19900000,0.00000000
229506.75337669,1.19900000,0.00000000
229636.41820910,1.19900000,0.00000000
229766.08304152,1.19900000,0.00000000
229895.74787394,1.19900000,0.00000000
230025.41270635,1.19900000,0.00000000
230155.07753877,1.19900000,0.00000000
230284.74237119,1.19900000,0.00000000
230414.40720360,1.19900000,0.00000000
230544.07203602,1.19900000,0.00000000
230673.73686843,1.19900000,0.00000000
230803.40170085,1.19900000,0.00000000
230933.06653327,1.19900000,0.00000000
231062.73136568,1.19900000,0.00000000
231192.39619810,1.19900000,0.00000000
231322.06103052,1.19900000,0.00000000
231451.72586293,1.19900000,0.00000000
231581.39069535,1.19900000,0.00000000
231711.05552776,1.19900000,0.00000000
231840.72036018,1.19900000,0.00000000
231970.38519260,1.19900000,0.00000000
232100.05002501,1.19900000,0.00000000
232229.71485743,1.19900000,0.00000000
232359.37968984,1.19900000,0.00000000
232489.04452226,1.19900000,0.00000000
232618.70935468,1.19900000,0.00000000
232748.37418709,1.19900000,0.00000000
232878.03901951,1.19900000,0.00000000
233007.70385193,1.19900000,0.00000000
233137.36868434,1.19900000,0.00000000
233267.03351676,1.19900000,0.00000000
233396.69834917,1.19900000,0.00000000
233526.36318159,1.19900000,0.00000000
233656.02801401,1.19900000,0.00000000
233785.69284642,1.19900000,0.00000000
233915.35767884,1.19900000,0.00000000
234045.02251126,1.19900000,0.00000000
234174.68734367,1.19900000,0.00000000
234304.35217609,1.19900000,0.00000000
234434.01700850,1.19900000,0.00000000
234563.68184092,1.19900000,0.00000000
234693.34667334,1.19900000,0.00000000
234823.01150575,1.19900000,0.00000000
234952.67633817,1.19900000,0.00000000
235082.34117059,1.19900000,0.00000000
235212.00600300,1.19900000,0.00000000
235341.67083542,1.19900000,0.00000000
235471.33566783,1.19900000,0.00000000
235601.00050025,1.19900000,0.00000000
235730.66533267,1.19900000,0.00000000
235860.33016508,1.19900000,0.00000000
235989.99499750,1.19900000,0.00000000
236119.65982991,1.19900000,0.00000000
236249.32466233,1.19900000,0.00000000
236378.98949475,1.19900000,0.00000000
236508.65432716,1.19900000,0.00000000
236638.31915958,1.19900000,0.00000000
236767.98399200,1.19900000,0.00000000
236897.64882441,1.19900000,0.00000000
237027.31365683,1.19900000,0.00000000
237156.97848924,1.19900000,0.00000000
237286.64332166,1.19900000,0.00000000
237416.30815408,1.19900000,0.00000000
237545.97298649,1.19900000,0.00000000
237675.63781891,1.19900000,0.00000000
237805.30265133,1.19900000,0.00000000
237934.96748374,1.19900000,0.00000000
238064.63231616,1.19900000,0.00000000
238194.29714857,1.19900000,0.00000000
238323.96198099,1.19900000,0.00000000
238453.62681341,1.19900000,0.00000000
238583.29164582,1.19900000,0.00000000
238712.95647824,1.19900000,0.00000000
238842.62131066,1.19900000,0.00000000
238972.28614307,1.19900000,0.00000000
239101.95097549,1.19900000,0.00000000
239231.61580790,1.19900000,0.00000000
239361.28064032,1.19900000,0.00000000
239490.94547274,1.19899260,-0.00000016
239620.61030515,1.19895862,-0.00000036
239750.27513757,1.19890113,-0.00000052
239879.93996998,1.19882463,-0.00000065
240009.60480240,1.19873360,-0.00000075
240139.26963482,1.19863252,-0.00000081
240268.93446723,1.19852588,-0.00000083
240398.59929965,1.19841816,-0.00000082
240528.26413207,1.19831386,-0.00000078
240657.92896448,1.19821745,-0.00000070
240787.59379690,1.19813343,-0.00000059
240917.25862931,1.19806627,-0.00000044
241046.92346173,1.19802047,-0.00000026
241176.58829415,1.19800050,-0.00000004
241306.25312656,1.19800000,0.00000000
241435.91795898,1.19800000,0.00000000
241565.58279140,1.19800000,0.00000000
241695.24762381,1.19800000,0.00000000
241824.91245623,1.19800000,0.00000000
241954.57728864,1.19800000,0.00000000
242084.24212106,1.19800000,0.00000000
242213.90695348,1.19800000,0.00000000
242343.57178589,1.19800000,0.00000000
242473.23661831,1.19800000,0.00000000
242602.90145073,1.19800000,0.00000000
242732.56628314,1.19800000,0.00000000
242862.23111556,1.19800000,0.00000000
242991.89594797,1.19800000,0.00000000
243121.56078039,1.19800000,0.00000000
243251.22561281,1.19800000,0.00000000
243380.89044522,1.19800000,0.00000000
243510.55527764,1.19800000,0.00000000
243640.22011006,1.19800000,0.00000000
243769.88494247,1.19800000,0.00000000
243899.54977489,1.19800000,0.00000000
244029.21460730,1.19800000,0.00000000
244158.87943972,1.19800000,0.00000000
244288.54427214,1.19800000,0.00000000
244418.20910455,1.19800000,0.00000000
244547.87393697,1.19800000,0.00000000
244677.53876938,1.19800000,0.00000000
244807.20360180,1.19800000,0.00000000
244936.86843422,1.19800000,0.00000000
245066.53326663,1.19800000,0.00000000
245196.19809905,1.19800000,0.00000000
245325.86293147,1.19800000,0.00000000
245455.52776388,1.19800000,0.00000000
245585.19259630,1.19800000,0.00000000
245714.85742871,1.19800000,0.00000000
245844.52226113,1.19800000,0.00000000
245974.18709355,1.19800000,0.00000000
246103.85192596,1.19800000,0.00000000
246233.51675838,1.19800000,0.00000000
246363.18159080,1.19800000,0.00000000
246492.84642321,1.19800000,0.00000000
246622.51125563,1.19800000,0.00000000
246752.17608804,1.19800000,0.00000000
246881.84092046,1.19800000,0.00000000
247011.50575288,1.19800000,0.00000000
247141.17058529,1.19800000,0.00000000
247270.83541771,1.19800000,0.00000000
247400.50025013,1.19800000,0.00000000
247530.16508254,1.19800000,0.00000000
247659.82991496,1.19800000,0.00000000
247789.49474737,1.19800000,0.00000000
247919.15957979,1.19800000,0.00000000
248048.82441221,1.19800000,0.00000000
248178.48924462,1.19800000,0.00000000
248308.15407704,1.19800000,0.00000000
248437.81890945,1.19800000,0.00000000
248567.48374187,1.19800000,0.00000000
248697.14857429,1.19800000,0.00000000
248826.81340670,1.19800000,0.00000000
248956.47823912,1.19800000,0.00000000
249086.14307154,1.19800000,0.00000000
249215.80790395,1.19800000,0.00000000
249345.47273637,1.19800000,0.00000000
249475.13756878,1.19800000,0.00000000
249604.80240120,1.19800000,0.00000000
249734.46723362,1.19800000,0.00000000
249864.13206603,1.19800000,0.00000000
249993.79689845,1.19800000,0.00000000
250123.46173087,1.19800000,0.00000000
250253.12656328,1.19800000,0.00000000
250382.79139570,1.19800000,0.00000000
250512.45622811,1.19800000,0.00000000
250642.12106053,1.19800000,0.00000000
250771.78589295,1.19800000,0.00000000
250901.45072536,1.19800000,0.00000000
251031.11555778,1.19800000,0.00000000
251160.78039020,1.19800000,0.00000000
251290.44522261,1.19800000,0.00000000
251420.11005503,1.19800000,0.00000000
251549.77488744,1.19800000,0.00000000
251679.43971986,1.19800000,0.00000000
251809.10455228,1.19800000,0.00000000
251938.76938469,1.19800000,0.00000000
252068.43421711,1.19800000,0.00000000
252198.09904952,1.19800000,0.00000000
252327.76388194,1.19800000,0.00000000
252457.42871436,1.19800000,0.00000000
252587.09354677,1.19800000,0.00000000
252716.75837919,1.19800000,0.00000000
252846.42321161,1.19800000,0.00000000
252976.08804402,1.19800000,0.00000000
253105.75287644,1.19800000,0.00000000
253235.41770885,1.19800000,0.00000000
253365.08254127,1.19800000,0.00000000
253494.74737369,1.19800000,0.00000000
253624.41220610,1.19800000,0.00000000
253754.07703852,1.19800000,0.00000000
253883.74187094,1.19800000,0.00000000
254013.40670335,1.19800000,0.00000000
254143.07153577,1.19800000,0.00000000
254272.73636818,1.19800000,0.00000000
254402.40120060,1.19800000,0.00000000
254532.06603302,1.19800000,0.00000000
254661.73086543,1.19800000,0.00000000
254791.39569785,1.19800000,0.00000000
254921.06053027,1.19800000,0.00000000
255050.72536268,1.19800000,0.00000000
255180.39019510,1.19800000,0.00000000
255310.05502751,1.19800000,0.00000000
255439.71985993,1.19800000,0.00000000
255569.38469235,1.19800000,0.00000000
255699.04952476,1.19800000,0.00000000
255828.71435718,1.19800000,0.00000000
255958.37918959,1.19800000,0.00000000
256088.04402201,1.19800000,0.00000000
256217.70885443,1.19800000,0.00000000
256347.37368684,1.19800000,0.00000000
256477.03851926,1.19800000,0.00000000
256606.70335168,1.19800000,0.00000000
256736.36818409,1.19800000,0.00000000
256866.03301651,1.19800000,0.00000000
256995.69784892,1.19800000,0.00000000
257125.36268134,1.19800000,0.00000000
257255.02751376,1.19800000,0.00000000
257384.69234617,1.19800000,0.00000000
257514.35717859,1.19800000,0.00000000
257644.02201101,1.19800000,0.00000000
257773.68684342,1.19800000,0.00000000
257903.35167584,1.19800000,0.00000000
258033.01650825,1.19800000,0.00000000
258162.68134067,1.19800000,0.00000000
258292.34617309,1.19800000,0.00000000
258422.01100550,1.19800000,0.00000000
258551.67583792,1.19800000,0.00000000
258681.34067034,1.19800000,0.00000000
258811.00550275,1.19800000,0.00000000
258940.67033517,1.19800000,0.00000000
259070.33516758,1.19800000,0.00000000
259200.00000000,1.19800000,0.00000000
